,Place Name,Latitude,Longitude
0,"Nanjangud, Mysore, Karnataka, India",12.12,76.68
1,"Chittorgarh, Rajasthan, India",24.879998999999998,74.629997
2,"Ratnagiri, Maharashtra, India",16.994444,73.300003
3,"Goregaon, Mumbai, Maharashtra, India",19.155001000000002,72.849998
4,"Pindwara, Rajasthan, India",24.7945,73.055
5,"Raipur, Chhattisgarh, India",21.25,81.629997
6,"Gokak, Karnataka, India",16.1667,74.833298
7,"Lucknow, Uttar Pradesh, India",26.85,80.949997
8,"Delhi, the National Capital Territory of Delhi, India",28.610001,77.230003
9,"Mumbai, Maharashtra, India",19.07609,72.877426
10,"Sagar, Karnataka, India",14.16704,75.04029799999999
11,"Jalpaiguri, West Bengal, India",26.540457,88.719391
12,"Pakur, Jharkhand, India",24.633568,87.849251
13,"Sardarshahar, Rajasthan, India",28.440554,74.493011
14,"Sirohi, Rajasthan, India",24.882618,72.85889399999999
15,"Jaysingpur, Maharashtra, India",16.779877,74.556374
16,"Ramanagara, Karnataka, India",12.715035,77.281296
17,"Chikkaballapura, Karnataka, India",13.432514999999999,77.727478
18,"Channapatna, Karnataka, India",12.651805,77.208946
19,"Surendranagar, Gujarat, India",22.728392000000003,71.637077
20,"Thiruvalla, Kerala, India",9.383452,76.57405899999999
21,"Ranebennur, Karnataka, India",14.623801,75.621788
22,"Karaikal, Puducherry, India",10.92544,79.83800500000001
23,"Belgaum, Karnataka, India",15.852792,74.498703
24,"Chatrapur, Odisha, India",19.354979,84.98673199999999
25,"Suri, West Bengal, India",23.905445,87.52462
26,"Bhubaneswar, Odisha, India",20.296059,85.824539
27,"Mahuva, Gujarat, India",21.105001,71.77164499999999
28,"Jagadhri, Haryana, India",30.172715999999998,77.299492
29,"Barh, Bihar, India",25.477585,85.709091
30,"Bhusawal, Maharashtra, India",21.045521,75.80109399999999
31,"Alipurduar, West Bengal, India",26.49189,89.5271
32,"Kollam, Kerala, India",8.893212,76.614143
33,"Medinipur, West Bengal, India",22.430889,87.321487
34,"Patan, Gujarat, India",23.849325,72.126625
35,"Mettur, Tamil Nadu, India",11.786253,77.800781
36,"Huliyar, Karnataka, India",13.583274,76.540154
37,"Harihar, Karnataka, India",14.530457,75.80109399999999
38,"Rasayani, Maharashtra, India",18.901457,73.176132
39,"Haringhata, West Bengal, India",22.96051,88.567406
40,"Kushtagi, Karnataka, India",15.756595,76.192696
41,"Jadugora, Jharkhand, India",22.656015,86.352882
42,"Orai, Uttar Pradesh, India",25.989835999999997,79.450035
43,"Surajpur, Chhattisgarh, India",23.223047,82.87056
44,"Ambernath, Maharashtra, India",19.186354,73.191948
45,"Malerkotla, Punjab, India",30.525005,75.890121
46,"Jorapokhar, Jharkhand, India",22.422455,85.760651
47,"Vizianagaram, Andhra Pradesh, India",18.106659,83.395554
48,"Durg, Chhattisgarh, India",21.190448999999997,81.28492
49,"Himmatnagar, Gujarat, India",23.597969,72.969818
50,"Sambhal, Uttar Pradesh, India",28.590360999999998,78.57176199999999
51,"Harnaut, Bihar, India",25.369179000000003,85.53005999999999
52,"Port Blair, Andaman and Nicobar Islands, India",11.623377,92.726486
53,"Suti, West Bengal, India",24.618392999999998,88.024338
54,"Banswara, Rajasthan, India",23.546757,74.43383
55,"Batumi, Adjara, Georgia",41.643414,41.6399
56,"Manikchak, West Bengal, India",25.077787,87.900375
57,"Roorkee, Uttarakhand, India",29.854263,77.888
58,"Kavali, Andhra Pradesh, India",14.913181,79.992981
59,"Dharmavaram, Andhra Pradesh, India",14.413745,77.712616
60,"Siddipet, Telangana, India",18.101904,78.852074
61,"Dhanpuri, Madhya Pradesh, India",23.173939,81.565125
62,"Chirala, Andhra Pradesh, India",15.812073999999999,80.355377
63,"Markapur, Andhra Pradesh, India",15.764501000000001,79.259491
64,"Chalakudy, Kerala, India",10.311879,76.331978
65,"Gondal, Gujarat, India",21.961945999999998,70.79229699999999
66,"Bhimavaram, Andhra Pradesh, India",16.544893,81.52124
67,"Jalgaon Jamod, Maharashtra, India",21.04954,76.532028
68,"Paltan Bazaar, Guwahati, Assam, India",26.182245,91.754723
69,"Hodal, Haryana, India",27.897551,77.384117
70,"Ausa, Maharashtra, India",18.245655,76.505356
71,"Mahidpur, Madhya Pradesh, India",23.486839,75.659157
72,"Gurdaspur, Punjab, India",32.041942999999996,75.405334
73,"Domchanch, Jharkhand, India",24.47438,85.688744
74,"Barjora, West Bengal, India",23.427221,87.287018
75,"Saint Dnyaneshwar Garden and Paithan park, Paithen, Maharashtra, India",19.487707,75.380768
76,"Sinnar, Maharashtra, India",19.85306,74.000633
77,"Guntakal, Andhra Pradesh, India",15.167409,77.373627
78,"Lalgola, West Bengal, India",24.417534,88.250343
79,"Hoshangabad, Madhya Pradesh, India",22.744107999999997,77.73696899999999
80,"Proddatur, Andhra Pradesh, India",14.752804999999999,78.552757
81,"RL Infotechh & Solutions, Durgapur, India",23.520398999999998,87.311897
82,"Pali, Rajasthan, India",25.771314999999998,73.323685
83,"Palwal, Haryana, India",28.148735,77.332024
84,"Gohana, Haryana, India",29.138407,76.69324499999999
85,"Munger, Bihar, India",25.37571,86.474373
86,"Yavatmal, Maharashtra, India",20.388794,78.120407
87,"Bokaro Steel City, Jharkhand, India",23.669296,86.151115
88,"Jetpur, Gujarat, India",21.761523999999998,70.627625
89,"Basirhat, West Bengal, India",22.657401999999998,88.86718
90,"Konnagar, Mirpur, West Bengal, India",22.700474,88.319069
91,"Ranchi, Jharkhand, India",23.344101000000002,85.309563
92,"Gudur, Andhra Pradesh, India",14.146319,79.850388
93,"Gola Gokarannath, Uttar Pradesh, India",28.078636,80.471588
94,"Shikohabad, Uttar Pradesh, India",27.108416,78.584602
95,"Tirumangalam, Tamil Nadu, India",9.823619,77.986565
96,"Anakaputhur, Sriperumbudur, Tamil Nadu, India",12.946366000000001,79.959244
97,"Suryapet, Telangana, India",17.143908,79.623924
98,"Udupi, Karnataka, India",13.340881,74.742142
99,"Nandyal, Andhra Pradesh, India",15.478569,78.48309300000001
100,"Nanjangud, Mysore, Karnataka, India",12.12,76.68
101,"Chittorgarh, Rajasthan, India",24.879998999999998,74.629997
102,"Ratnagiri, Maharashtra, India",16.994444,73.300003
103,"Goregaon, Mumbai, Maharashtra, India",19.155001000000002,72.849998
104,"Pindwara, Rajasthan, India",24.7945,73.055
105,"Raipur, Chhattisgarh, India",21.25,81.629997
106,"Gokak, Karnataka, India",16.1667,74.833298
107,"Lucknow, Uttar Pradesh, India",26.85,80.949997
108,"Delhi, the National Capital Territory of Delhi, India",28.610001,77.230003
109,"Mumbai, Maharashtra, India",19.07609,72.877426
110,"Sagar, Karnataka, India",14.16704,75.04029799999999
111,"Jalpaiguri, West Bengal, India",26.540457,88.719391
112,"Pakur, Jharkhand, India",24.633568,87.849251
113,"Sardarshahar, Rajasthan, India",28.440554,74.493011
114,"Sirohi, Rajasthan, India",24.882618,72.85889399999999
115,"Jaysingpur, Maharashtra, India",16.779877,74.556374
116,"Ramanagara, Karnataka, India",12.715035,77.281296
117,"Chikkaballapura, Karnataka, India",13.432514999999999,77.727478
118,"Channapatna, Karnataka, India",12.651805,77.208946
119,"Surendranagar, Gujarat, India",22.728392000000003,71.637077
120,"Thiruvalla, Kerala, India",9.383452,76.57405899999999
121,"Ranebennur, Karnataka, India",14.623801,75.621788
122,"Karaikal, Puducherry, India",10.92544,79.83800500000001
123,"Belgaum, Karnataka, India",15.852792,74.498703
124,"Chatrapur, Odisha, India",19.354979,84.98673199999999
125,"Suri, West Bengal, India",23.905445,87.52462
126,"Bhubaneswar, Odisha, India",20.296059,85.824539
127,"Mahuva, Gujarat, India",21.105001,71.77164499999999
128,"Jagadhri, Haryana, India",30.172715999999998,77.299492
129,"Barh, Bihar, India",25.477585,85.709091
130,"Bhusawal, Maharashtra, India",21.045521,75.80109399999999
131,"Alipurduar, West Bengal, India",26.49189,89.5271
132,"Kollam, Kerala, India",8.893212,76.614143
133,"Medinipur, West Bengal, India",22.430889,87.321487
134,"Patan, Gujarat, India",23.849325,72.126625
135,"Mettur, Tamil Nadu, India",11.786253,77.800781
136,"Huliyar, Karnataka, India",13.583274,76.540154
137,"Harihar, Karnataka, India",14.530457,75.80109399999999
138,"Rasayani, Maharashtra, India",18.901457,73.176132
139,"Haringhata, West Bengal, India",22.96051,88.567406
140,"Kushtagi, Karnataka, India",15.756595,76.192696
141,"Jadugora, Jharkhand, India",22.656015,86.352882
142,"Orai, Uttar Pradesh, India",25.989835999999997,79.450035
143,"Surajpur, Chhattisgarh, India",23.223047,82.87056
144,"Ambernath, Maharashtra, India",19.186354,73.191948
145,"Malerkotla, Punjab, India",30.525005,75.890121
146,"Jorapokhar, Jharkhand, India",22.422455,85.760651
147,"Vizianagaram, Andhra Pradesh, India",18.106659,83.395554
148,"Durg, Chhattisgarh, India",21.190448999999997,81.28492
149,"Himmatnagar, Gujarat, India",23.597969,72.969818
150,"Sambhal, Uttar Pradesh, India",28.590360999999998,78.57176199999999
151,"Harnaut, Bihar, India",25.369179000000003,85.53005999999999
152,"Port Blair, Andaman and Nicobar Islands, India",11.623377,92.726486
153,"Suti, West Bengal, India",24.618392999999998,88.024338
154,"Banswara, Rajasthan, India",23.546757,74.43383
155,"Batumi, Adjara, Georgia",41.643414,41.6399
156,"Manikchak, West Bengal, India",25.077787,87.900375
157,"Roorkee, Uttarakhand, India",29.854263,77.888
158,"Kavali, Andhra Pradesh, India",14.913181,79.992981
159,"Dharmavaram, Andhra Pradesh, India",14.413745,77.712616
160,"Siddipet, Telangana, India",18.101904,78.852074
161,"Dhanpuri, Madhya Pradesh, India",23.173939,81.565125
162,"Chirala, Andhra Pradesh, India",15.812073999999999,80.355377
163,"Markapur, Andhra Pradesh, India",15.764501000000001,79.259491
164,"Chalakudy, Kerala, India",10.311879,76.331978
165,"Gondal, Gujarat, India",21.961945999999998,70.79229699999999
166,"Bhimavaram, Andhra Pradesh, India",16.544893,81.52124
167,"Jalgaon Jamod, Maharashtra, India",21.04954,76.532028
168,"Paltan Bazaar, Guwahati, Assam, India",26.182245,91.754723
169,"Hodal, Haryana, India",27.897551,77.384117
170,"Ausa, Maharashtra, India",18.245655,76.505356
171,"Mahidpur, Madhya Pradesh, India",23.486839,75.659157
172,"Gurdaspur, Punjab, India",32.041942999999996,75.405334
173,"Domchanch, Jharkhand, India",24.47438,85.688744
174,"Barjora, West Bengal, India",23.427221,87.287018
175,"Saint Dnyaneshwar Garden and Paithan park, Paithen, Maharashtra, India",19.487707,75.380768
176,"Sinnar, Maharashtra, India",19.85306,74.000633
177,"Guntakal, Andhra Pradesh, India",15.167409,77.373627
178,"Lalgola, West Bengal, India",24.417534,88.250343
179,"Hoshangabad, Madhya Pradesh, India",22.744107999999997,77.73696899999999
180,"Proddatur, Andhra Pradesh, India",14.752804999999999,78.552757
181,"RL Infotechh & Solutions, Durgapur, India",23.520398999999998,87.311897
182,"Pali, Rajasthan, India",25.771314999999998,73.323685
183,"Palwal, Haryana, India",28.148735,77.332024
184,"Gohana, Haryana, India",29.138407,76.69324499999999
185,"Munger, Bihar, India",25.37571,86.474373
186,"Yavatmal, Maharashtra, India",20.388794,78.120407
187,"Bokaro Steel City, Jharkhand, India",23.669296,86.151115
188,"Jetpur, Gujarat, India",21.761523999999998,70.627625
189,"Basirhat, West Bengal, India",22.657401999999998,88.86718
190,"Konnagar, Mirpur, West Bengal, India",22.700474,88.319069
191,"Ranchi, Jharkhand, India",23.344101000000002,85.309563
192,"Gudur, Andhra Pradesh, India",14.146319,79.850388
193,"Gola Gokarannath, Uttar Pradesh, India",28.078636,80.471588
194,"Shikohabad, Uttar Pradesh, India",27.108416,78.584602
195,"Tirumangalam, Tamil Nadu, India",9.823619,77.986565
196,"Anakaputhur, Sriperumbudur, Tamil Nadu, India",12.946366000000001,79.959244
197,"Suryapet, Telangana, India",17.143908,79.623924
198,"Udupi, Karnataka, India",13.340881,74.742142
199,"Nandyal, Andhra Pradesh, India",15.478569,78.48309300000001
200,"Begusarai, Bihar, India",25.416676000000002,86.129379
201,"Contai, West Bengal, India",21.779188,87.744629
202,"Naya Raipur, Chhattisgarh, India",21.164993,81.775307
203,"Payradanga, West Bengal, India",23.125587,88.546867
204,"Maheshtala, West Bengal, India",22.511976,88.25099200000001
205,"Vaniyambadi, Tamil Nadu, India",12.695032000000001,78.621887
206,"Shahdol, Madhya Pradesh, India",23.302189000000002,81.356804
207,"Aruppukkottai, Tamil Nadu, India",9.515625,78.100014
208,"Salipur, Odisha, India",20.484348,86.119194
209,"Sasaram, Bihar, India",24.953514000000002,84.011787
210,"Mahuva, Gujarat, India",21.092159,71.770462
211,"Bihta, Bihar, India",25.563322,84.869804
212,"Dahod, Gujarat, India",22.835601999999998,74.255989
213,"Najibabad, Uttar Pradesh, India",29.607981,78.342674
214,"Bagaha, Bihar, India",27.122196000000002,84.07223499999999
215,"Jamalpur, Bihar, India",25.312717000000003,86.490608
216,"Fatehpur, Uttar Pradesh, India",25.920074,80.809998
217,"Dindigul, Tamil Nadu, India",10.365581,77.97065699999999
218,"Chakradharpur, Jharkhand, India",22.668312,85.625511
219,"Porbandar, Gujarat, India",21.640575,69.605965
220,"Ghatal, West Bengal, India",22.663695999999998,87.746803
221,"Khidirpur, Kolkata, West Bengal, India",22.542061,88.318954
222,"Mandya, Karnataka, India",12.523731,76.894684
223,"Dahanu, Maharashtra, India",19.990751,72.743675
224,"Sri Muktsar Sahib, Punjab, India",30.480041999999997,74.518204
225,"Kanchipuram, Tamil Nadu, India",12.834174,79.703644
226,"Dhanpur, Gujarat, India",22.633492,74.095993
227,"Bengaluru, Karnataka, India",12.971599000000001,77.594566
228,"Muzaffarnagar, Uttar Pradesh, India",29.471396999999996,77.696732
229,"Chhatarpur, Madhya Pradesh, India",24.916355,79.581184
230,"Bongaigaon, Assam, India",26.500999,90.53523299999999
231,"RAK Tiles, Ner Chowk, Himachal Pradesh, India",31.604889,76.919533
232,"Nilanga, Maharashtra, India",18.125875,76.750969
233,"Amreli, Gujarat, India",21.603176,71.222084
234,"Bulandshahar, Uttar Pradesh, India",28.411331,77.848434
235,"Kharagpur, West Bengal, India",22.34601,87.231972
236,"Arrah, Bihar, India",25.556044,84.660332
237,"Fatehpur, Rajasthan, India",27.99502,74.961792
238,"Seoni, Madhya Pradesh, India",22.086868,79.543488
239,"Siliguri, West Bengal, India",26.732311,88.410286
240,"Mangaluru, Karnataka, India",12.915605000000001,74.855965
241,"Kandi, West Bengal, India",23.9468,88.049713
242,"Khammam, Telangana, India",17.247253,80.151443
243,"Morshi, Maharashtra, India",21.324196,78.013832
244,"Vijaypur, Jammu and Kashmir, India",32.564522,75.02314799999999
245,"Santha, Uttar Pradesh, India",26.994153999999998,83.034798
246,"Chalisgaon, Maharashtra, India",20.464079,74.99685699999999
247,"Etawah, Uttar Pradesh, India",26.811712,79.004692
248,"Simlapal, West Bengal, India",22.916706,87.070351
249,"Lakhimpur, Uttar Pradesh, India",27.94908,80.782402
250,"Masaurhi, Bihar, India",25.35128,85.031143
251,"Bhatta, Paldi, Ahmedabad, Gujarat, India",23.00795,72.55375699999999
252,"Sultanpur, Uttar Pradesh, India",26.264776,82.07270799999999
253,"Kotulpur, West Bengal, India",23.012794,87.593948
254,"Pithampur, Madhya Pradesh, India",22.610682999999998,75.680862
255,"Bela Pratapgarh, Uttar Pradesh, India",25.912968,81.991653
256,"Ghazipur, Uttar Pradesh, India",25.584042,83.57701899999999
257,"Buxar, Bihar, India",25.564711,83.977745
258,"Baran, Rajasthan, India",25.101145000000002,76.513161
259,"Saideep Enterprises, Ambad Nashik, Maharashtra, India",19.969227,73.743195
260,"Hazaribagh, Jharkhand, India",23.99662,85.36910999999999
261,"Rudrapur, Uttarakhand, India",28.978298,79.399612
262,"Success Point, Bhadravati, Maharashtra, India",20.112092999999998,79.118698
263,"Balaghat, Madhya Pradesh, India",21.812876,80.18383
264,"Thodupuzha, Kerala, India",9.897157,76.713409
265,"Kothagudem, Telangana, India",17.554356,80.619736
266,"Debra, West Bengal, India",22.369042999999998,87.55442
267,"Khambhat, Gujarat, India",22.318082999999998,72.618988
268,"Kalaburagi, Karnataka, India",17.320486,76.839752
269,"Palampur, Himachal Pradesh, India",32.110541999999995,76.536224
270,"Bargarh, Odisha, India",21.342585,83.624199
271,"Jaunpur, Uttar Pradesh, India",25.748695,82.698441
272,"Bahraich, Uttar Pradesh, India",27.570839000000003,81.598022
273,"Shegaon, Maharashtra, India",20.792713,76.694328
274,"Ballari, Karnataka, India",15.139393,76.92144
275,"Hapur, Uttar Pradesh, India",28.730579,77.775879
276,"Kashipur, Uttarakhand, India",29.210421000000004,78.96183
277,"Sikandra, Uttar Pradesh, India",26.367811,79.62915799999999
278,"Palakkad, Kerala, India",10.784703,76.653145
279,"Almora, Uttarakhand, India",29.594189,79.65389300000001
280,"Dhar, Madhya Pradesh, India",22.601292,75.30246700000001
281,"Ameerpet, Hyderabad, Telangana, India",17.437462,78.448288
282,"Georai, Maharashtra, India",19.263334,75.752426
283,"Kodad, Telangana, India",16.99708,79.967361
284,"Kalaigaon, Assam, India",26.574479999999998,91.975243
285,"Newasa, Maharashtra, India",19.551146,74.928162
286,"Jalgaon, Maharashtra, India",21.004194000000002,75.563942
287,"Mahasamund, Chhattisgarh, India",21.109133,82.0979
288,"Giridih, Jharkhand, India",24.184713000000002,86.302193
289,"Purnea, Bihar, India",25.771103,87.482185
290,"Kotputli, Rajasthan, India",27.703669,76.201195
291,"Jhalawar, Rajasthan, India",24.597348999999998,76.16098000000001
292,"Sitarganj, Uttarakhand, India",28.923547999999997,79.700722
293,"Barauda, Chhattisgarh, India",21.191774,81.718285
294,"Sangareddy, Telangana, India",17.611629,78.08181
295,"Azamgarh, Uttar Pradesh, India",26.072067,83.185654
296,"Suratgarh, Rajasthan, India",29.320511,73.899399
297,"Gingee, Tamil Nadu, India",12.252576,79.416924
298,"Samastipur, Biha, India",25.862968,85.781029
299,"Ballia, Uttar Pradesh, India",25.758503,84.148911
300,"Jahanabad, Bihar, India",25.213928,84.98955500000001
301,"Kekri, Rajasthan, India",25.973786999999998,75.151535
302,"Dholpur, Rajasthan, India",26.702517999999998,77.893394
303,"Hosur, Tamil Nadu, India",12.735126,77.829338
304,"Bisalpur, Uttar Pradesh, India",28.293783,79.804459
305,"Jhansi, Uttar Pradesh, India",25.436298,78.567352
306,"Korba, Chhattisgarh, India",22.363848,82.73484
307,"Tadepalligudem, Andhra Pradesh, India",16.814524,81.526558
308,"Rajnandgaon, Chhattisgarh, India",21.097855,81.03370699999999
309,"Gumla, Jharkhand, India",23.041923999999998,84.54083299999999
310,"Kuchaman City, Rajasthan, India",27.147869,74.859489
311,"Sankari, Tamil Nadu, India",11.477696,77.873886
312,"Forbesganj, Bihar, India",26.298552,87.265388
313,"Thandalam, Tamil Nadu, India",12.999464,80.117729
314,"Etah, Uttar Pradesh, India",27.55875,78.66256700000001
315,"Nabadwip, West Bengal, India",23.406979,88.365593
316,"Sri Ganganagar, Rajasthan, India",29.903839,73.87719
317,"Hanamkonda, Telangana, India",18.007202,79.558296
318,"Ramagundam, Telangana, India",18.76182,79.48090400000001
319,"Mau, Uttar Pradesh, India",25.949638,83.558647
320,"Gangakhed, Maharashtra, India",18.966354,76.748077
321,"Rahon, Punjab, India",31.052128000000003,76.1175
322,"Mansa, Gujarat, India",23.426788000000002,72.657074
323,"Narwana, Haryana, India",29.592957000000002,76.119247
324,"Pulivendula, Andhra Pradesh, India",14.422232000000001,78.226341
325,"Brahmapur, Odisha, India",19.314962,84.79409
326,"Kadayanallur, Tamil Nadu, India",9.077853999999999,77.345184
327,"Bathinda, Punjab, India",30.210995,74.94547299999999
328,"Botad, Gujarat, India",22.170424,71.66842700000001
329,"Darjeeling, West Bengal, India",27.036007,88.262672
330,"Chiplun, Maharashtra, India",17.53231,73.517792
331,"Haldwani, Uttarakhand, India",29.219677,79.51245899999999
332,"Cuddalore, Tamil Nadu, India",11.744699,79.76802099999999
333,"Bharuch, Gujarat, India",21.705723000000003,72.998199
334,"Bhadohi, Uttar Pradesh, India",25.38727,82.568031
335,"Vaijapur, Maharashtra, India",19.925682000000002,74.728477
336,"Vadakara, Kerala, India",11.608495,75.591705
337,"Sitamarhi, Bihar, India",26.587298999999998,85.501183
338,"Rajgir, Bihar, India",25.017257999999998,85.416161
339,"Shimoga, Karnataka, India",13.929929999999999,75.5681
340,"Unnao, Uttar Pradesh, India",26.536938,80.48996
341,"Rangia, Assam, India",26.437252,91.62011
342,"Chandrapur, Maharashtra, India",19.970323999999998,79.30336
343,"Silchar, Assam, India",24.833271,92.778908
344,"Hailakandi, Assam, India",24.68469,92.564339
345,"Aizawl, Mizoram, India",23.727106,92.717636
346,"South Dum Dum, West Bengal, India",22.607672,88.39449300000001
347,"Kavathe Mahankal, Maharashtra, India",17.006298,74.865372
348,"Davanagere, Karnataka, India",14.464103,75.921661
349,"Mhow, Madhya Pradesh, India",22.552437,75.75653100000001
350,"Moga, Punjab, India",30.81646,75.171707
351,"Bhatpara, Kolkata, West Bengal, India",22.859726000000002,88.404839
352,"Batala, Punjab, India",31.823462,75.205063
353,"Farrukhabad, Uttar Pradesh, India",27.387048999999998,79.588127
354,"Nohar, Rajasthan, India",29.185776,74.771782
355,"Jharia, Jharkhand, India",23.742628,86.41114
356,"Hoshiarpur, Punjab, India",31.527355,75.913673
357,"Balurghat, West Bengal, India",25.237284,88.783058
358,"Madhubani, Bihar, India",26.347883000000003,86.071861
359,"Khurai, Madhya Pradesh, India",24.043468,78.330353
360,"Upleta, Gujarat, India",21.741323,70.28112
361,"Saharanpur, Uttar Pradesh, India",29.959694,77.54905699999999
362,"Ghaziabad, Uttar Pradesh, India",28.667856,77.449791
363,"Sambalpur, Odisha, India",21.468185000000002,83.975403
364,"Saharsa, Bihar, India",25.883495,86.600624
365,"Gohpur, Assam, India",26.880077000000004,93.60833000000001
366,"Jamalpur, West Bengal, India",23.061089000000003,87.992584
367,"Narsapur, Andhra Pradesh, India",16.432983,81.696617
368,"Malappuram, Kerala, India",11.072035000000001,76.074005
369,"Gauribidanur, Karnataka, India",13.611158999999999,77.51696
370,"Chikkaballapura, Karnataka, India",13.435455,77.731476
371,"Dibrugarh, Assam, India",27.472834000000002,94.911964
372,"Gangtok, Sikkim, India",27.338936,88.60650600000001
373,"Balotra, Rajasthan, India",25.83087,72.24011999999999
374,"Narsampet, Telangana, India",17.928122000000002,79.894531
375,"Kozhikode, Kerala, India",11.258753,75.780411
376,"Hindaun City, Rajasthan, India",26.731142,77.033752
377,"Kumbakonam, Tamil Nadu, India",10.959814999999999,79.380898
378,"Satna, Madhya Pradesh, India",24.579716,80.832176
379,"Chhindwara, Madhya Pradesh, India",22.057163,78.938202
380,"Ongole, Andhra Pradesh, India",15.505723000000001,80.04991899999999
381,"Padrauna, Uttar Pradesh, India",26.898391999999998,83.979713
382,"Akola, Maharashtra, India",20.707228,77.00296
383,"Kalwan, Maharashtra, India",20.492281,74.026009
384,"Sircilla, Telangana, India",18.38662,78.802246
385,"Rohtak, Haryana, India",28.895515000000003,76.606613
386,"Anandapur, Odisha, India",21.2155,86.1222
387,"DCKAP Technologies, Anna Nagar, Chennai, Tamil Nadu, India",13.090994,80.224998
388,"Garhshankar, Punjab, India",31.213682000000002,76.144012
389,"Jagtial, Telangana, India",18.794905,78.912872
390,"Dausa, Rajasthan, India",26.894478000000003,76.334824
391,"Muradnagar, Uttar Pradesh, India",28.771646,77.507561
392,"Srivilliputhur, Tamil Nadu, India",9.512137,77.634087
393,"Paramakudi, Tamil Nadu, India",9.548395,78.591637
394,"Barabanki, Uttar Pradesh, India",26.937834000000002,81.188324
395,"Secunderabad, Telangana, India",17.440325,78.49889399999999
396,"Mirzapur, Uttar Pradesh, India",25.133699,82.56443
397,"Virudhachalam, Tamil Nadu, India",11.519588,79.32515699999999
398,"Jhunjhunu, Rajasthan, India",28.128876,75.399506
399,"Karera, Madhya Pradesh, India",25.454794,78.133957
400,"Kottayam, Kerala, India",9.591441,76.522171
401,"Shivpuri, Madhya Pradesh, India",25.424120000000002,77.65799
402,"Amalner, Maharashtra, India",21.04241,75.063873
403,"Durgapur, West Bengal, India",23.53344,87.32193000000001
404,"Gola Gokrannath Kheri, Uttar Pradesh, India",28.080378999999997,80.46664399999999
405,"Dharwad, Karnataka, India",15.460251999999999,75.010284
406,"Vapi, Gujarat, India",20.385181,72.91145300000001
407,"Firozabad, Uttar Pradesh, India",27.159101,78.39576
408,"Vasco da Gama, Goa, India",15.386033,73.84404
409,"Asansol, West Bengal, India",23.673944,86.952393
410,"Tenkasi, Tamil Nadu, India",8.959021,77.312935
411,"Srikakulam, Andhra Pradesh, India",18.296974,83.896782
412,"Hassan, Karnataka, India",13.009711,76.102898
413,"Churu, Rajasthan, India",28.29229,74.966583
414,"Bulandshahr, Uttar Pradesh, India",28.406963,77.84983100000001
415,"Hinganghat, Maharashtra, India",20.550573,78.84114100000001
416,"Lakhisarai, Bihar, India",25.168901,86.092987
417,"Mahoba, Uttar Pradesh, India",25.292509,79.872665
418,"Sirsa, Haryana, India",29.536534999999997,75.02550500000001
419,"Ranaghat, West Bengal, India",23.174049,88.563934
420,"Udgir, Maharashtra, India",18.3934,77.11314399999999
421,"Ratlam, Madhya Pradesh, India",23.334169,75.03763599999999
422,"Nimbahera, Rajasthan, India",24.620001000000002,74.68
423,"Robertsganj, Uttar Pradesh, India",24.685001,83.068352
424,"Khandwa, Madhya Pradesh, India",21.825733,76.35257
425,"Rajendra Nagar, Cuttack, Odisha, India",20.450474,85.90553299999999
426,"Mehsana, Gujarat, India",23.586761,72.369949
427,"Fatehabad, Haryana, India",29.511778000000003,75.455215
428,"Raiganj, West Bengal, India",25.61853,88.125587
429,"Junnar, Maharashtra, India",19.206861,73.875801
430,"Unchahar, Uttar Pradesh, India",25.9,81.300003
431,"Banka, Bihar, India",24.885482999999997,86.920731
432,"Jamner, Maharashtra, India",20.809378,75.77892299999999
433,"Khamgaon, Maharashtra, India",20.711622,76.566132
434,"Mehkar, Maharashtra, India",20.149822,76.57403599999999
435,"Rewa, Madhya Pradesh, India",24.530727,81.29911
436,"Karnal, Haryana, India",29.685629,76.99054699999999
437,"Ichalkaranji, Maharashtra, India",16.709001999999998,74.456078
438,"Bihar Sharif, Bihar, India",25.19935,85.517609
439,"Cooch Behar, West Bengal, India",26.323921000000002,89.451088
440,"Imphal, Manipur, India",24.813967,93.95027900000001
441,"Viramgam, Gujarat, India",23.125837,72.05744200000001
442,"Anantnag, Jammu and Kashmir, India",33.729729,75.14978
443,"Panjim, Goa, India",15.496777,73.827827
444,"Anand, Gujarat, India",22.554029,72.948936
445,"Manmad, Maharashtra, India",20.251549,74.438354
446,"Daryapur, Maharashtra, India",20.92207,77.326698
447,"Arvi, Maharashtra, India",20.634085,79.140388
448,"Paratwada, Maharashtra, India",21.27306,77.523422
449,"Bardoli, Gujarat, India",21.124857000000002,73.11261
450,"Bodhgaya, Bihar, India",24.696135,84.986954
451,"Chabua, Assam, India",27.48,95.18
452,"Jamkhandi, Karnataka, India",16.504227,75.290932
453,"Burdwan, West Bengal, India",23.232513,87.863419
454,"Tumakuru, Karnataka, India",13.338263000000001,77.10141
455,"Nayagarh, Odisha, India",20.127028,85.10505699999999
456,"Sivasagar, Assam, India",26.98,94.629997
457,"Wani, Maharashtra, India",20.067541000000002,78.958054
458,"Karwar, Karnataka, India",14.801439000000002,74.12406899999999
459,"Kapurthala, Punjab, India",31.379998999999998,75.379997
460,"Ganderbal, Jammu and Kashmir, India",34.216496,74.77194200000001
461,"Guna, Madhya Pradesh, India",24.65,77.32
462,"Khanna, Punjab, India",30.702877,76.22022199999999
463,"Mahbubnagar, Telangana, India",16.737509,78.008125
464,"Nalgonda, Telangana, India",17.056620000000002,79.268333
465,"Theni, Tamil Nadu, India",10.010366000000001,77.476814
466,"Eluru, Andhra Pradesh, India",16.703285,81.100388
467,"Pusad, Maharashtra, India",19.912676,77.56691
468,"Shamshabad, Telangana, India",17.251160000000002,78.437737
469,"Aurangabad, Maharashtra, India",19.901054000000002,75.352478
470,"Bankura, West Bengal, India",23.233774,87.08725
471,"Renukoot, Uttar Pradesh, India",24.220198,83.035957
472,"Anakapalle, Andhra Pradesh, India",17.686001,83.008781
473,"Sikandrabad, Uttar Pradesh, India",28.452393,77.69720500000001
474,"Saidabad, New Delhi, Delhi, India",28.526591999999997,77.29016899999999
475,"Yelahanka, Bengaluru, Karnataka, India",13.094453999999999,77.586014
476,"Pithoragarh, Uttarakhand, India",29.582860999999998,80.21818499999999
477,"Vidisha, Madhya Pradesh, India",23.530001000000002,77.82
478,"Warora, Maharashtra, India",20.23,79.0
479,"Jhagadia, Gujarat, India",21.719476999999998,73.151009
480,"Morbi, Gujarat, India",22.811989,70.823616
481,"Bhopal, Madhya Pradesh, India",23.259933,77.41261300000001
482,"Agartala, Tripura, India",23.829321,91.277847
483,"Bhandara, Maharashtra, India",21.17,79.650002
484,"Baramati, Maharashtra, India",18.150663,74.576782
485,"Makrana, Rajasthan, India",27.029617,74.716324
486,"Panipat, Haryana, India",29.398928,76.97708100000001
487,"Sehore, Madhya Pradesh, India",23.198437,77.095184
488,"Madanapalle, Andhra Pradesh, India",13.55,78.5
489,"Madhopur, Punjab, India",32.365288,75.59729
490,"Silchar, Cachar, Assam, India",24.833945999999997,92.779282
491,"Bhuj, Gujarat, India",23.242001000000002,69.666931
492,"Shahjahanpur, Uttar Pradesh, India",27.883743,79.912247
493,"Raebareli, Uttar Pradesh, India",26.230299,81.240891
494,"Dhanbad, Jharkhand, India",23.795399,86.42704
495,"Hasanpur, Uttar Pradesh, India",28.719998999999998,78.279999
496,"Jabalpur, Madhya Pradesh, India",23.168770000000002,79.93184699999999
497,"Shahada, Maharashtra, India",21.546185,74.47000899999999
498,"Mysuru, Karnataka, India",12.295810000000001,76.639381
499,"Tiruvannamalai, Tamil Nadu, India",12.228628,79.066544
500,"Panskura, West Bengal, India",22.395582,87.74188199999999
501,"Bijnor, Uttar Pradesh, India",29.372442,78.135849
502,"Rajpura, Punjab, India",30.483997,76.593948
503,"Pipariya, Madhya Pradesh, India",22.762885999999998,78.352478
504,"Auraiya, Uttar Pradesh, India",26.469998999999998,79.519997
505,"Bahadurgarh, Haryana, India",28.68,76.91999799999999
506,"Avinashi, Tamil Nadu, India",11.191447,77.268883
507,"Thanesar, Haryana, India",29.962071999999996,76.817825
508,"Malout, Punjab, India",30.191515000000003,74.497864
509,"Pilkhuwa, Uttar Pradesh, India",28.711969,77.654457
510,"Jind, Haryana, India",29.316668,76.316666
511,"Santipur, West Bengal, India",23.255541,88.437363
512,"Sathankulam, Tamil Nadu, India",8.444186,77.91280400000001
513,"Amravati, Maharashtra, India",20.937424,77.779549
514,"Hathras, Uttar Pradesh, India",27.6,78.050003
515,"Arcot, Tamil Nadu, India",12.904441,79.31916
516,"Khurja, Uttar Pradesh, India",28.252221999999996,77.851784
517,"Bhuvanagiri, Telangana, India",17.518345,78.88595600000001
518,"Kavesar, Thane West, Thane, Maharashtra, India",19.262466,72.974106
519,"Rajgangpur, Odisha, India",22.205206,84.584251
520,"Fazilka, Punjab, India",30.403647999999997,74.027962
521,"Buldana, Maharashtra, India",20.536846,76.18087
522,"Amroha, Uttar Pradesh, India",28.902396999999997,78.46504200000001
523,"Nedumangad, Kerala, India",8.603333000000001,77.00277700000001
524,"Sawaimadhopur, Rajasthan, India",25.983334,76.36666899999999
525,"Akot, Maharashtra, India",21.1,77.059998
526,"Thane West, Thane, Maharashtra, India",19.226662,72.98383299999999
527,"Balasore, Odisha, India",21.494978,86.942657
528,"Doddaballapura, Karnataka, India",13.298757,77.540817
529,"Mettupalayam, Tamil Nadu, India",11.289087,76.94097099999999
530,"Mallaguri, Siliguri, West Bengal, India",26.743464000000003,88.416252
531,"Sitapur, Uttar Pradesh, India",27.575090000000003,80.663765
532,"Jaora, Madhya Pradesh, India",23.644524,75.131035
533,"Dhuri, Punjab, India",30.370001000000002,75.870003
534,"Sitalkuchi, West Bengal, India",26.169069,89.180122
535,"Dombivli, Maharashtra, India",19.2094,73.093948
536,"Pathankot, Punjab, India",32.265941999999995,75.646873
537,"Thiruvananthapuram, Kerala, India",8.524139,76.936638
538,"Beawar, Rajasthan, India",26.100735,74.31907700000001
539,"Ajmer, Rajasthan, India",26.449896000000003,74.639915
540,"Jagraon, Punjab, India",30.780001000000002,75.480003
541,"Budaun, Uttar Pradesh, India",28.033709,79.120544
542,"Pandharpur, Maharashtra, India",17.674553,75.323723
543,"Damoh, Madhya Pradesh, India",23.839054,79.441025
544,"Chintamani, Karnataka, India",13.401969,78.055138
545,"Baramulla, Jammu and Kashmir, India",34.202148,74.348259
546,"Murshidabad, West Bengal, India",24.175902999999998,88.280182
547,"Bheemili, Andhra Pradesh, India",17.887518,83.445679
548,"Patiala, Punjab, India",30.34,76.379997
549,"Kochi, Kerala, India",9.939093,76.270523
550,"Muzaffarpur, Bihar, India",26.121473,85.368752
551,"Hoskote, Karnataka, India",13.07,77.800003
552,"Kalol, Gujarat, India",22.606001000000003,73.462997
553,"Kakinada, Andhra Pradesh, India",16.989065,82.247467
554,"Panchkula, Haryana, India",30.695202000000002,76.85417199999999
555,"Greater Noida, Uttar Pradesh, India",28.474388,77.50399
556,"Orai, Uttar Pradesh, India",25.98,79.470001
557,"Barwani, Madhya Pradesh, India",22.030001000000002,74.900002
558,"Hubballi, Karnataka, India",15.364707999999998,75.12395500000001
559,"Udamanda, Uttarakhand, India",30.321989000000002,79.195412
560,"Deoghar, Jharkhand, India",24.482775,86.695175
561,"Indore Bhopal Road, Indore Naka",23.200001,77.08000200000001
562,"North Paravoor, Kerala, India",10.140487,76.23053
563,"Hazira, Gujarat, India",21.116226,72.651802
564,"Bargadi Magath, Uttar Pradesh, India",26.983795,80.92907
565,"Tarabai Park, Kolhapur, Maharashtra, India",16.713511999999998,74.248749
566,"Kanchrapara, West Bengal, India",22.94923,88.42092099999999
567,"Puttur, Karnataka, India",12.768676,75.207062
568,"Ambala City, Haryana, India",30.37818,76.77669499999999
569,"Faridkot, Punjab, India",30.678186,74.73955500000001
570,"Osmanabad, Maharashtra, India",18.186066,76.041939
571,"Raichur, Karnataka, India",16.200829000000002,77.362289
572,"Chitradurga, Karnataka, India",14.23,76.400002
573,"Mysore division, Karnataka, India",12.311827000000001,76.652985
574,"Lalitpur, Uttar Pradesh, India",24.68786,78.412018
575,"Agar Malwa, Madhya Pradesh, India",23.710348,76.010178
576,"Shamli, Uttar Pradesh, India",29.448055,77.31028
577,"Indirapuram, Ghaziabad, Uttar Pradesh, India",28.641485,77.37138399999999
578,"Mansoorabad, Hyderabad, Telangana, India",17.351372,78.565407
579,"Tirupati, Andhra Pradesh, India",13.629064999999999,79.424446
580,"Sojat, Rajasthan, India",25.923853,73.665131
581,"Aurangabad, Bihar, India",24.75,84.370003
582,"Palghar, Maharashtra, India",19.693558,72.765518
583,"Gondia, Maharashtra, India",21.459801000000002,80.195
584,"Bhadravati, Karnataka, India",13.84,75.702003
585,"Balrampur, Uttar Pradesh, India",27.429707,82.176804
586,"Manikchak, West Bengal, India",25.077787,87.900375
587,"Kawardha, Chhattisgarh, India",22.008951,81.22434200000001
588,"Nellore, Andhra Pradesh, India",14.442599,79.986458
589,"Karimnagar, Telangana, India",18.438554999999997,79.128838
590,"Lonavala, Maharashtra, India",18.74806,73.407219
591,"Sujangarh, Rajasthan, India",27.696903000000002,74.452972
592,"Kothrud, Pune, Maharashtra, India",18.50989,73.807182
593,"Haridwar, Uttarakhand, India",29.945690000000003,78.16424599999999
594,"Vashi, Navi Mumbai, Maharashtra, India",19.077065,72.998993
595,"Moradabad, Uttar Pradesh, India",28.841064000000003,78.79531899999999
596,"Chirimiri, Chhattisgarh, India",23.18795,82.354164
597,"Gorakhpur, Uttar Pradesh, India",26.765844,83.364944
598,"Siwan, Bihar, India",26.219621999999998,84.356659
599,"Jharsuguda, Odisha, India",21.85,84.029999
600,"Adambakkam, Chennai, Tamil Nadu, India",12.981241,80.20945
601,"Chhapra, Bihar, India",25.779566,84.749886
602,"Surat, Gujarat, India",21.17024,72.831062
603,"Sheopur, Madhya Pradesh, India",25.67,76.699997
604,"Phagwara, Punjab, India",31.22402,75.770798
605,"Sendhwa, Madhya Pradesh, India",21.681898,75.094269
606,"Daman, Daman and Diu, India",20.397373,72.832802
607,"Narnaul, Haryana, India",28.065796000000002,76.101479
608,"Deesa, Gujarat, India",24.258503,72.190674
609,"Nabha, Punjab, India",30.373673999999998,76.14518699999999
610,"Zirakpur, Haryana, India",30.642803000000004,76.816902
611,"Chachiyawas, Rajasthan, India",26.570478,74.674438
612,"Kila, Khurja, Uttar Pradesh, India",28.23801,77.854912
613,"Raigarh, Chhattisgarh, India",21.9,83.400002
614,"Haldia, West Bengal, India",22.066673,88.06980899999999
615,"Bidar, Karnataka, India",17.92,77.519722
616,"Nipani, Karnataka, India",16.4,74.383301
617,"Dhamtari, Chhattisgarh, India",20.709999,81.550003
618,"Bilaspur, Chhattisgarh, India",22.078642000000002,82.152328
619,"Jagdalpur, Chhattisgarh, India",19.07,82.029999
620,"Bhavani, Tamil Nadu, India",11.452434,77.693253
621,"Jaisalmer, Rajasthan, India",26.911661,70.922928
622,"Puthoor, Kerala, India",9.04,76.709999
623,"Berhampore, West Bengal, India",24.098827,88.26792900000001
624,"Mira Bhayandar, Maharashtra, India",19.295233,72.854393
625,"Khadki, Pune, Maharashtra, India",18.569937,73.850639
626,"Barasat, Kolkata, West Bengal, India",22.726156,88.47496
627,"Sonepat, Haryana, India",28.928573999999998,77.091492
628,"Nawapara Nagar, Chhattisgarh, India",20.973513,81.857948
629,"Bally, West Bengal, India",22.655148999999998,88.340553
630,"Ghansoli, Navi Mumbai, Maharashtra, India",19.125362,72.999199
631,"Aligarh, Uttar Pradesh, India",27.900383,78.072281
632,"Kadi, Gujarat, India",23.29785,72.331001
633,"Machilipatnam, Andhra Pradesh, India",16.17,81.129997
634,"Jamui, Bihar, India",24.92,86.220001
635,"Amalsad, Gujarat, India",20.817595,72.954918
636,"Pathardi Phata, Nashik, Maharashtra, India",19.946922,73.765434
637,"Nadiad, Gujarat, India",22.700001,72.870003
638,"Chikhli, Maharashtra, India",20.349098,76.265289
639,"Krishnagiri, Tamil Nadu, India",12.518611,78.213737
640,"Cochin, Kerala, India",9.931233,76.267303
641,"Katni, Madhya Pradesh, India",23.833717,80.420609
642,"Ooty, Tamil Nadu, India",11.41,76.699997
643,"Hajipur, Bihar, India",25.68,85.220001
644,"Malad East, Mumbai, Maharashtra, India",19.180874,72.857452
645,"Davangere, Karnataka, India",14.470585999999999,75.91415400000001
646,"Karjat, Maharashtra, India",18.920901999999998,73.323097
647,"Kattuvilai, Tamil Nadu, India",8.158933,77.33674599999999
648,"Kalamassery, Ernakulam, India",10.051969,76.315773
649,"Bijapur, Karnataka, India",16.827545,75.72532700000001
650,"Kajamalai, Tiruchirappalli, Tamil Nadu, India",10.775632,78.69236
651,"Malda, West Bengal, India",25.010841,88.141098
652,"Dadabari, Kota, Rajasthan, India",25.155169,75.827248
653,"Anantapur, Andhra Pradesh, India",14.685564000000001,77.59540600000001
654,"Nawada, Bihar, India",24.879998999999998,85.529999
655,"Bikaner, Rajasthan, India",28.027138,73.302155
656,"Falta, West Bengal, India",22.296404000000003,88.120995
657,"Puri, Odisha, India",19.817743,85.828629
658,"Vikramasingapuram, Tamil Nadu, India",8.699142,77.411041
659,"Faizabad, Uttar Pradesh, India",26.77,82.150002
660,"Kurukshetra, Haryana, India",29.969513,76.878281
661,"Jalukbari, Guwahati, Assam, India",26.144358,91.642067
662,"Jaipur, Rajasthan, India",26.92207,75.778885
663,"Kamptee, Maharashtra, India",21.207769,79.18405200000001
664,"Dharavi, Mumbai, Maharashtra, India",19.044218,72.85598
665,"Chomu, Rajasthan, India",27.17,75.720001
666,"Mudhol, Karnataka, India",16.333309,75.28582
667,"Jamnagar, Gujarat, India",22.470701000000002,70.057732
668,"Hojai, Assam, India",26.006807000000002,92.86640200000001
669,"Agra, Uttar Pradesh, India",27.17667,78.008072
670,"Morena, Madhya Pradesh, India",26.5,78.0
671,"Kalyan, Maharashtra, India",19.242439,73.120193
672,"Dadri, Uttar Pradesh, India",28.546190000000003,77.556213
673,"Hansi, Haryana, India",29.102377,75.96599599999999
674,"Bundi, Rajasthan, India",25.430513,75.649902
675,"Ujjain, Madhya Pradesh, India",23.1793,75.784912
676,"Ejipura, Bengaluru, Karnataka, India",12.942621,77.627121
677,"Noida, Uttar Pradesh, India",28.535517,77.391029
678,"Bongaon, West Bengal, India",23.07,88.82
679,"Dalkhola, West Bengal, India",25.874945,87.845551
680,"Katihar, Bihar, India",25.533507999999998,87.583748
681,"Bhankrota, Jaipur, Rajasthan, India",26.87063,75.693398
682,"Andheri, Maharashtra, India",19.116625,72.862358
683,"Tuticorin, Tamil Nadu, India",8.764166000000001,78.134834
684,"Pollachi, Tamil Nadu, India",10.657274000000001,77.010666
685,"Thane, Maharashtra, India",19.218329999999998,72.978088
686,"North Lakhimpur, Assam, India",27.236317,94.09584
687,"Secunderabad, Telangana, India",17.43993,78.498276
688,"Ennore, Chennai, Tamil Nadu, India",13.206524,80.327225
689,"Tirupattur, Tamil Nadu, India",12.498351,78.56019599999999
690,"Motihari, Bihar, India",26.65,84.916664
691,"Tikamgarh, Madhya Pradesh, India",24.756807000000002,78.839264
692,"Borivali, Mumbai, Maharashtra, India",19.228825,72.854118
693,"Datia, Madhya Pradesh, India",25.665325,78.460938
694,"Jorhat, Assam, India",26.757873999999997,94.209824
695,"Cuttack, Odisha, India",20.462521,85.882988
696,"Vadodara, Gujarat, India",22.310696,73.192635
697,"Sikar, Rajasthan, India",27.615406,75.125885
698,"Dewas, Madhya Pradesh, India",22.962267,76.050797
699,"Alwar, Rajasthan, India",27.560932,76.625015
700,"Malegaon, Maharashtra, India",20.560797,74.52507
701,"Bapatla, Andhra Pradesh, India",15.896622,80.46043399999999
702,"Hanumangarh, Rajasthan, India",29.625996,74.287491
703,"Devlali, Maharashtra, India",19.906166,73.824265
704,"Sunam, Punjab, India",30.129998999999998,75.800003
705,"Vastral, Ahmedabad, Gujarat, India",22.999879999999997,72.660614
706,"Bareilly, Uttar Pradesh, India",28.375694,79.435959
707,"Nanded, Maharashtra, India",19.169815,77.319717
708,"Umred, Maharashtra, India",20.861378,79.317856
709,"Hubli, Karnataka, India",15.371598,75.101166
710,"Barrackpore, West Bengal, India",22.767426999999998,88.38834399999999
711,"Shajapur, Madhya Pradesh, India",23.4333,76.266701
712,"Jalandhar, Punjab, India",31.326015,75.57618000000001
713,"Gandhinagar, Gujarat, India",23.237560000000002,72.64778100000001
714,"Jalaun, Uttar Pradesh, India",26.140644,79.355621
715,"Rupnagar, Punjab, India",30.975254,76.527328
716,"Adyar, Chennai, Tamil Nadu, India",13.003387,80.255043
717,"Guwahati, Assam, India",26.148042999999998,91.731377
718,"Bhiwani, Haryana, India",28.799046,76.133514
719,"Koyambedu, Chennai, Tamil Nadu, India",13.07279,80.176163
720,"Tiruchengode, Tamil Nadu, India",11.378476,77.89449300000001
721,"Palanpur, Gujarat, India",24.179331,72.426682
722,"Nagercoil, Tamil Nadu, India",8.17445,77.432159
723,"Coimbatore, Tamil Nadu, India",11.017363000000001,76.958885
724,"Kanpur, Uttar Pradesh, India",26.449923,80.33187099999999
725,"Bellampalli, Telangana, India",19.071556,79.491173
726,"Sangli, Maharashtra, India",16.867634,74.570389
727,"Kadapa, Andhra Pradesh, India",14.477234,78.804932
728,"Palwan, Beed, Maharashtra, India",18.970057,75.72065
729,"Kurnool, Andhra Pradesh, India",15.834535999999998,78.02936600000001
730,"Visakhapatnam, Andhra Pradesh, India",17.686815,83.21848299999999
731,"Tirunelveli, Tamil Nadu, India",8.741222,77.694626
732,"Kharar, Punjab, India",30.751278000000003,76.637192
733,"Vadapalani, Chennai, Tamil Nadu, India",13.052192,80.212051
734,"Bhadrak, Odisha, India",21.051182,86.485748
735,"Madha, Maharashtra, India",18.033587,75.522079
736,"Bhubaneshwar, Odisha, India",20.296059,85.824539
737,"Ahmednagar, Maharashtra, India",19.101053,74.740677
738,"Adilabad, Andhra Pradesh, India",19.6667,78.533302
739,"Alambagh, Uttar Pradesh, India",26.805687,80.91499300000001
740,"Sangamner, Maharashtra, India",19.581099,74.20500899999999
741,"Bettiah, Bihar, India",26.799999,84.5
742,"Thanjavur, Tamil Nadu, India",10.786999,79.137825
743,"Amritsar, Punjab, India",31.633979999999998,74.872261
744,"Solapur, Maharashtra, India",17.65992,75.906387
745,"Ghatampur, Uttar Pradesh, India",26.147612,80.17076899999999
746,"Islampur, West Bengal, India",26.266701,88.199997
747,"Washim, Maharashtra, India",20.1,77.150002
748,"Pudukkottai, Tamil Nadu, India",10.379663,78.820847
749,"Malvan, Maharashtra, India",16.0667,73.466698
750,"Chittoor, Rajasthan, India",24.888744,74.626923
751,"Dehradun, Uttarakhand, India",30.316496,78.032188
752,"Kargil, Jammu and Kashmir, India",34.556335,76.13250699999999
753,"Warangal, Andhra Pradesh, India",18.000055,79.588165
754,"Kolhapur, Maharashtra, India",16.691307000000002,74.244865
755,"Nagaur, Rajasthan, India",27.207006,73.742294
756,"Pithapuram, Andhra Pradesh, India",17.112427,82.252899
757,"Kannur, Kerala, India",11.874477,75.370369
758,"Darbhanga, Bihar, India",26.152973,85.901413
759,"Vellore, Tamil Nadu, India",12.934968,79.14688100000001
760,"Bicholim, Goa, India",15.601875,73.954636
761,"Tirur, Kerala, India",10.914627000000001,75.922096
762,"Rajsamand, Rajasthan, India",25.0667,73.883301
763,"Shrirampur, Maharashtra, India",19.620296,74.654655
764,"Jodhpur, Rajasthan, India",26.263863,73.008957
765,"Indore, Madhya Pradesh, India",22.719568,75.857727
766,"Sathy, Tamil Nadu, India",11.504776,77.238396
767,"Kothamangalam, Kerala, India",10.065206,76.62912800000001
768,"Srinagar, Jammu and Kashmir, India",34.083656,74.797371
769,"Dimapur, Nagaland, India",25.906267,93.727592
770,"Ghatampur, Uttar Pradesh, India",26.164066000000002,80.17067
771,"Kannauj, Uttar Pradesh, India",27.055189000000002,79.918083
772,"New Delhi, Delhi, India",28.6448,77.21672099999999
773,"Latur, Maharashtra, India",18.407957,76.576767
774,"Mansa, Punjab, India",29.988245000000003,75.379257
775,"Shimla, Himachal Pradesh, India",31.104605,77.173424
776,"Dungargarh, Rajasthan, India",28.095606,74.011116
777,"Varanasi, Uttar Pradesh, India",25.321684,82.987289
778,"Nashik, Maharashtra, India",19.997454,73.789803
779,"Mandla, Madhya Pradesh, India",22.597921,80.37138399999999
780,"Noida, Uttar Pradesh, India",28.535517,77.391029
781,"Udumalaipettai, Tamil Nadu, India",10.5833,77.25
782,"Sriperumbudur, Tamil Nadu, India",12.97378,79.94133000000001
783,"Tiruppur, Tamil Nadu, India",11.110695,77.348045
784,"Chennai, Tamil Nadu, India",13.067439,80.237617
785,"Coimbatore, Tamil Nadu, India",11.004556,76.961632
786,"Parbhani, Maharashtra, India",19.25779,76.77374300000001
787,"Rampur, Uttar Pradesh, India",28.802958,79.025444
788,"Harda, Madhya Pradesh, India",22.356426000000003,77.102737
789,"Dharampur, Gujarat, India",20.54014,73.179214
790,"Salem, Tamil Nadu, India",11.664325,78.146011
791,"Chengalpattu, Tamil Nadu, India",12.693933,79.975662
792,"Mathura, Uttar Pradesh, India",27.492413,77.673676
793,"Namakkal, Tamil Nadu, India",11.229592,78.17115799999999
794,"Mangrulpir, Maharashtra, India",20.316135,77.341171
795,"Vijayawada, Andhra Pradesh, India",16.515099,80.63209499999999
796,"Basti, Uttar Pradesh, India",26.822845,82.76344300000001
797,"Burhanpur, Madhya Pradesh, India",21.307373000000002,76.23041500000001
798,"Virudhunagar, Tamil Nadu, India",9.587209,77.951431
799,"Bhilwara, Rajasthan, India",25.346251000000002,74.636383
800,"Madurai, Tamil Nadu, India",9.939093,78.121719
801,"Bhagalpur, Bihar, India",25.253391,86.989059
802,"Tambaram, Chennai, Tamil Nadu, India",12.922915,80.12745699999999
803,"Sirhind, Punjab, India",30.64382,76.39411899999999
804,"Nawalgarh, Rajasthan, India",27.862146000000003,75.254288
805,"Ajitgarh, Punjab, India",30.7076,76.715126
806,"Purulia, West Bengal, India",23.342257,86.36283900000001
807,"Aland, Karnataka, India",17.570721,76.569733
808,"Kukatpally, Hyderabad, Andhra Pradesh, India",17.50001,78.401527
809,"Kopargaon, Maharashtra, India",19.883301,74.483299
810,"Gwalior, Madhya Pradesh, India",26.218287,78.18283100000001
811,"Tenali, Andhra Pradesh, India",16.236719,80.647476
812,"Manwath, Maharashtra, India",19.299999,76.5
813,"Satara, Maharashtra, India",17.691401000000003,74.000938
814,"Kishangarh, Rajasthan, India",26.588528000000004,74.872513
815,"Kosumb, Maharashtra, India",17.11458,73.59180500000001
816,"Partur, Maharashtra, India",19.595484,76.211067
817,"Modinagar, Uttar Pradesh, India",28.838299,77.581055
818,"Mandi Gobindgarh, Punjab, India",30.682802000000002,76.294212
819,"Chimur, Maharashtra, India",20.501314,79.380173
820,"Indapur, Maharashtra, India",18.11714,75.02391800000001
821,"Katraj, Pune, Maharashtra, India",18.445089000000003,73.86898000000001
822,"Dhayari, Pune, Maharashtra, India",18.441833,73.812157
823,"Saswad, Maharashtra, India",18.344749,74.031715
824,"Pimpri, Pimpri Chinchwad, Maharashtra, India",18.626076,73.812157
825,"Junnar, Maharashtra, India",19.20928,73.872589
826,"Nangal Dam, Punjab, India",31.385296000000004,76.374893
827,"Beed, Maharashtra, India",18.992012,75.776138
828,"Parli Vaijnath, Maharashtra, India",18.871204000000002,76.53556800000001
829,"Villupuram, Tamil Nadu, India",11.945960000000001,79.497414
830,"Sivakasi, Tamil Nadu, India",9.453126,77.807236
831,"Jammu, India",32.732997999999995,74.864273
832,"Thrissur, Kerala, India",10.530345,76.214729
833,"Athani, Karnataka, India",16.724083,75.063843
834,"Vizag, Andhra Pradesh, India",17.690474,83.231049
835,"Guntur, Andhra Pradesh, India",16.314208999999998,80.435028
836,"Bhadgaon, Maharashtra, India",20.666667999999998,75.23333000000001
837,"Jaipatna, Odisha, India",19.482777,82.806702
838,"Banda, Uttar Pradesh, India",25.492248999999997,80.336151
839,"Sagar, Madhya Pradesh, India",23.83403,78.746567
840,"Godda, Jharkhand, India",24.827778,87.211388
841,"Rajahmundry, Andhra Pradesh, India",17.004393,81.783325
842,"Kadiri, Andhra Pradesh, India",14.117532,78.15509
843,"Ahmedabad, Gujarat, India",23.033863,72.585022
844,"Mavdi, Rajkot, Gujarat, India",22.259392000000002,70.77718399999999
845,"Dhenkanal, OD, India",20.660671,85.596954
846,"Hyderabad, Telangana, India",17.38714,78.49168399999999
847,"Patna, Bihar, India",25.612676999999998,85.158875
848,"Chandigarh, India",30.741482,76.768066
849,"Melur, Tamil Nadu, India",10.030623,78.34021
850,"Hisar, India",29.151861,75.72112299999999
851,"Junagadh, Gujarat, India",21.515470999999998,70.45644399999999
852,"Halol, Gujarat, India",22.496063,73.475449
853,"Srinagar, Uttarakhand, India",30.221398999999998,78.780045
854,"Chittoor, Andhra Pradesh, India",13.217096,79.100677
855,"Srikalahasti, Andhra Pradesh, India",13.75269,79.703758
856,"Dankuni, West Bengal, India",22.671679,88.300209
857,"Pilibhit, Uttar Pradesh, India",28.627926000000002,79.804176
858,"Buti Bori, Maharashtra, India",20.927933,79.004143
859,"Jalna, Maharashtra, India",19.846811,75.890633
860,"Dhampur, Uttar Pradesh, India",29.257648,78.500061
861,"Udaipur, Rajasthan, India",24.571270000000002,73.691544
862,"Ferozepur, Punjab, India",30.923433000000003,74.610214
863,"Gannavaram, Andhra Pradesh, India",16.538591,80.798218
864,"Virar, Maharashtra, India",19.465622,72.806099
865,"Rajkot, Gujarat, India",22.308155,70.80070500000001
866,"Tezpur, Assam, India",26.651218,92.783813
867,"Thalassery, Kerala, India",11.74805,75.48938000000001
868,"Dhule, Maharashtra, India",20.903118,74.774986
869,"Rishikesh, Uttarakhand, India",30.087159999999997,78.268112
870,"Bazpur, Uttarakhand, India",29.162411,79.152168
871,"Gonda, Uttar Pradesh, India",27.133875,81.96199
872,"Sukdal, India",23.356614999999998,87.656837
873,"Nagpur, India",21.146632999999998,79.08886
874,"Julana, Haryana, India",29.121574,76.39771999999999
875,"Konavani Palem, Andhra Pradesh, India",17.417376,82.741653
876,"Khalapur, Maharashtra, India",18.834003,73.288712
877,"Sedam, Karnataka, India",17.179991,77.275368
878,"Gurgaon, Haryana, India",28.457523,77.026344
879,"Pune, Maharashtra, India",18.516726000000002,73.856255
880,"Ambikapur, Chhattisgarh, India",23.116444,83.19612099999999
881,"Savner, India",21.385310999999998,78.92186
882,"Erode, Tamil Nadu, India",11.342423,77.728165
883,"Jamshedpur, Jharkhand, India",22.805618,86.20311
884,"Varthur, India",12.938482,77.747711
885,"Karad, Maharashtra, India",17.286501,74.181427
886,"Bangalore, Karnataka, India",12.972442,77.58064300000001
887,"Egra, West Bengali, India",21.900526,87.538078
888,"Thirunallar city, India",10.930677000000001,79.787643
889,"Gaya, Bihar, India",24.78001,84.981827
890,"Unjha City, India",23.804337,72.393677
891,"Nalasopara, Maharashtra, India",19.432278,72.7743
892,"Kolkata, West Bengal, India",22.572645,88.363892
893,"Meerut, Uttar Pradesh, India",28.984644,77.705956
